,2015-10-19 00:00:00,2015-10-19 01:00:00,2015-10-19 02:00:00,2015-10-19 03:00:00,2015-10-19 04:00:00,2015-10-19 05:00:00,2015-10-19 06:00:00,2015-10-19 07:00:00,2015-10-19 08:00:00,2015-10-19 09:00:00,2015-10-19 10:00:00,2015-10-19 11:00:00,2015-10-19 12:00:00,2015-10-19 13:00:00,2015-10-19 14:00:00,2015-10-19 15:00:00,2015-10-19 16:00:00,2015-10-19 17:00:00,2015-10-19 18:00:00,2015-10-19 19:00:00,2015-10-19 20:00:00,2015-10-19 21:00:00,2015-10-19 22:00:00,2015-10-19 23:00:00,2015-10-20 00:00:00,2015-10-20 01:00:00,2015-10-20 02:00:00,2015-10-20 03:00:00,2015-10-20 04:00:00,2015-10-20 05:00:00,2015-10-20 06:00:00,2015-10-20 07:00:00,2015-10-20 08:00:00,2015-10-20 09:00:00,2015-10-20 10:00:00,2015-10-20 11:00:00,2015-10-20 12:00:00,2015-10-20 13:00:00,2015-10-20 14:00:00,2015-10-20 15:00:00,2015-10-20 16:00:00,2015-10-20 17:00:00,2015-10-20 18:00:00,2015-10-20 19:00:00,2015-10-20 20:00:00,2015-10-20 21:00:00,2015-10-20 22:00:00,2015-10-20 23:00:00,2015-10-21 00:00:00,2015-10-21 01:00:00,2015-10-21 02:00:00,2015-10-21 03:00:00,2015-10-21 04:00:00,2015-10-21 05:00:00,2015-10-21 06:00:00,2015-10-21 07:00:00,2015-10-21 08:00:00,2015-10-21 09:00:00,2015-10-21 10:00:00,2015-10-21 11:00:00,2015-10-21 12:00:00,2015-10-21 13:00:00,2015-10-21 14:00:00,2015-10-21 15:00:00,2015-10-21 16:00:00,2015-10-21 17:00:00,2015-10-21 18:00:00,2015-10-21 19:00:00,2015-10-21 20:00:00,2015-10-21 21:00:00,2015-10-21 22:00:00,2015-10-21 23:00:00,2015-10-22 00:00:00,2015-10-22 01:00:00,2015-10-22 02:00:00,2015-10-22 03:00:00,2015-10-22 04:00:00,2015-10-22 05:00:00,2015-10-22 06:00:00,2015-10-22 07:00:00,2015-10-22 08:00:00,2015-10-22 09:00:00,2015-10-22 10:00:00,2015-10-22 11:00:00,2015-10-22 12:00:00,2015-10-22 13:00:00,2015-10-22 14:00:00,2015-10-22 15:00:00,2015-10-22 16:00:00,2015-10-22 17:00:00,2015-10-22 18:00:00,2015-10-22 19:00:00,2015-10-22 20:00:00,2015-10-22 21:00:00,2015-10-22 22:00:00,2015-10-22 23:00:00,2015-10-23 00:00:00,2015-10-23 01:00:00,2015-10-23 02:00:00,2015-10-23 03:00:00,2015-10-23 04:00:00,2015-10-23 05:00:00,2015-10-23 06:00:00,2015-10-23 07:00:00,2015-10-23 08:00:00,2015-10-23 09:00:00,2015-10-23 10:00:00,2015-10-23 11:00:00,2015-10-23 12:00:00,2015-10-23 13:00:00,2015-10-23 14:00:00,2015-10-23 15:00:00,2015-10-23 16:00:00,2015-10-23 17:00:00,2015-10-23 18:00:00,2015-10-23 19:00:00,2015-10-23 20:00:00,2015-10-23 21:00:00,2015-10-23 22:00:00,2015-10-23 23:00:00,2015-10-24 00:00:00,2015-10-24 01:00:00,2015-10-24 02:00:00,2015-10-24 03:00:00,2015-10-24 04:00:00,2015-10-24 05:00:00,2015-10-24 06:00:00,2015-10-24 07:00:00,2015-10-24 08:00:00,2015-10-24 09:00:00,2015-10-24 10:00:00,2015-10-24 11:00:00,2015-10-24 12:00:00,2015-10-24 13:00:00,2015-10-24 14:00:00,2015-10-24 15:00:00,2015-10-24 16:00:00,2015-10-24 17:00:00,2015-10-24 18:00:00,2015-10-24 19:00:00,2015-10-24 20:00:00,2015-10-24 21:00:00,2015-10-24 22:00:00,2015-10-24 23:00:00,2015-10-25 00:00:00,2015-10-25 01:00:00,2015-10-25 02:00:00,2015-10-25 03:00:00,2015-10-25 04:00:00,2015-10-25 05:00:00,2015-10-25 06:00:00,2015-10-25 07:00:00,2015-10-25 08:00:00,2015-10-25 09:00:00,2015-10-25 10:00:00,2015-10-25 11:00:00,2015-10-25 12:00:00,2015-10-25 13:00:00,2015-10-25 14:00:00,2015-10-25 15:00:00,2015-10-25 16:00:00,2015-10-25 17:00:00,2015-10-25 18:00:00,2015-10-25 19:00:00,2015-10-25 20:00:00,2015-10-25 21:00:00,2015-10-25 22:00:00,2015-10-25 23:00:00
0,11,3,3,2,1,2,21,229,339,362,321,499,635,589,335,443,364,830,555,270,403,412,249,50,10,7,7,8,5,3,20,311,282,398,266,590,570,561,332,457,381,699,569,300,148,268,211,37,9,5,5,2,2,1,16,283,307,372,316,528,601,622,151,396,392,687,481,226,267,292,202,24,9,4,2,3,4,6,16,250,281,315,255,476,381,457,275,480,302,755,564,284,269,305,240,69,12,7,7,3,6,2,20,230,295,355,283,501,434,459,262,393,333,713,498,227,268,239,192,59,22,16,18,14,9,19,20,215,321,353,350,491,391,419,255,220,308,498,301,330,177,220,161,49,5,5,8,4,2,11,19,167,174,266,256,374,388,364,181,220,344,276,331,310,199,229,150,32
1,129,122,74,82,73,80,87,134,277,208,135,196,372,238,180,188,166,294,369,322,259,253,313,224,113,98,66,71,83,81,87,159,285,214,154,261,360,239,197,196,179,314,366,199,134,203,277,268,178,142,112,90,85,89,108,140,277,210,175,267,394,238,203,166,198,301,388,239,236,226,283,260,129,114,116,120,112,108,104,136,294,213,119,217,369,250,186,167,152,271,284,189,192,216,272,246,108,115,84,96,100,79,81,133,288,235,154,278,379,249,197,188,178,316,287,234,194,207,253,201,155,102,100,92,75,74,98,133,213,220,184,276,365,232,141,146,157,244,286,223,188,183,204,191,111,111,65,61,50,58,65,93,104,159,156,267,316,254,220,146,168,281,286,224,186,219,218,206
2,325,397,352,251,231,242,237,406,289,378,253,408,641,451,282,465,323,515,554,283,277,359,249,254,179,193,247,278,293,275,240,458,197,187,223,337,527,438,171,396,240,545,464,253,201,302,368,386,372,221,264,255,259,275,284,419,232,316,269,272,549,443,225,407,197,367,422,238,274,306,297,366,357,270,296,334,314,309,279,402,298,305,252,368,565,416,252,382,262,503,381,305,303,333,398,417,273,286,308,397,310,293,410,441,261,292,293,360,530,494,265,420,284,526,363,140,173,182,266,181,430,284,319,325,322,391,373,242,264,354,269,397,424,356,284,287,305,416,439,317,288,292,382,289,415,280,306,288,297,281,235,171,232,233,252,419,501,431,259,225,295,456,448,377,340,334,373,382
3,116,125,90,94,77,87,72,149,418,365,219,434,589,390,358,300,244,524,654,449,436,419,365,171,109,119,113,107,104,111,94,202,438,328,253,460,536,413,363,306,269,544,598,401,185,355,435,183,127,218,151,168,191,211,111,166,406,273,221,412,541,336,328,240,259,519,535,365,399,387,399,199,121,212,160,136,135,129,110,167,348,286,216,475,603,452,327,281,232,527,545,310,356,415,355,204,112,460,357,433,457,454,278,192,464,369,243,479,550,415,321,290,268,629,619,422,341,369,397,178,145,193,248,133,141,128,126,165,248,291,255,464,534,416,273,259,224,455,413,346,274,307,293,151,117,151,110,104,132,124,118,104,173,216,285,501,549,418,282,257,272,504,568,369,304,356,310,135
4,34,11,10,5,7,11,18,165,108,159,166,225,403,246,125,191,196,400,323,170,224,277,273,133,33,13,10,10,11,9,20,152,101,171,113,149,478,229,104,194,108,394,291,134,147,186,244,79,27,14,9,6,9,13,31,157,136,156,121,209,428,244,104,183,166,343,288,186,215,232,295,92,18,12,10,13,12,12,22,143,151,114,137,197,408,222,108,203,114,427,291,168,218,214,274,99,22,17,8,6,6,4,17,142,127,159,141,218,418,247,104,210,135,370,292,205,227,270,307,111,53,28,19,12,15,7,22,77,101,121,139,226,298,235,178,174,191,245,252,171,160,176,257,95,38,29,23,10,11,17,23,58,86,104,114,227,292,208,173,175,245,338,274,194,158,184,208,100
5,139,90,68,72,67,75,105,309,367,365,237,400,615,564,317,386,325,590,605,368,393,438,444,289,167,86,69,61,67,70,80,326,394,355,290,406,586,523,300,343,318,555,698,381,227,328,395,290,158,82,49,53,49,56,94,436,445,365,344,550,760,674,377,431,355,622,661,398,388,554,528,325,175,95,63,60,53,56,87,333,492,412,287,561,829,677,349,473,235,639,593,357,404,433,511,313,156,61,55,57,56,54,93,320,447,383,366,573,850,629,402,448,358,650,708,432,389,484,407,192,146,107,72,59,60,64,91,163,272,327,305,576,592,383,292,294,284,459,560,426,368,399,416,214,134,82,69,59,61,47,64,147,228,283,284,626,614,464,390,350,311,568,491,500,403,444,503,304
6,152,67,57,55,56,78,93,608,449,575,472,724,1385,1049,459,713,490,1157,1060,561,610,713,728,285,141,82,65,70,58,74,112,677,509,515,370,665,1228,930,466,662,375,1080,962,492,297,534,757,263,176,110,86,89,86,101,117,631,542,515,400,664,1170,979,477,558,440,1036,1099,656,632,690,837,260,221,157,134,113,92,114,126,672,555,528,414,699,1191,973,440,564,414,1132,957,598,556,649,734,307,146,77,68,64,57,66,85,633,553,544,440,800,1213,1097,482,648,427,955,1022,646,614,676,737,301,100,128,75,74,58,55,122,282,481,536,493,776,892,628,524,469,465,715,752,591,388,490,604,272,105,61,54,45,38,58,84,238,362,411,436,662,836,623,508,442,545,813,781,592,445,493,579,237
7,188,71,62,47,59,65,108,456,545,552,394,941,1312,806,476,626,548,1175,951,600,679,692,757,325,200,106,76,75,85,77,130,541,547,471,421,816,970,725,535,639,477,1144,973,511,323,474,683,266,183,76,74,74,76,86,125,522,614,528,330,739,1029,653,449,517,451,989,706,427,510,551,673,306,218,117,85,65,74,81,112,454,566,532,450,808,953,688,493,525,413,975,777,479,429,506,575,285,177,54,52,61,63,73,92,444,512,454,393,735,999,591,420,506,432,909,716,482,398,414,528,266,99,119,57,55,56,58,102,298,455,482,407,647,709,355,382,327,372,598,651,523,388,474,487,299,120,92,69,68,52,66,94,224,330,396,352,666,659,451,332,387,485,703,645,489,413,395,461,229
8,109,138,108,108,111,106,127,234,243,281,151,210,423,377,165,187,208,324,321,181,187,204,220,174,148,128,97,102,93,111,144,319,165,136,179,197,344,295,118,229,208,316,256,137,91,141,156,150,126,137,108,105,87,91,100,251,195,166,98,128,269,245,109,201,101,246,276,221,183,212,244,177,131,129,114,93,92,84,102,255,204,199,183,167,345,313,121,178,118,255,286,188,160,178,156,177,152,120,90,93,106,101,98,258,142,151,143,194,359,313,125,210,173,259,264,176,199,198,184,160,128,133,110,111,113,104,109,134,186,135,133,185,228,223,176,117,102,193,176,125,130,160,180,160,157,157,100,82,93,90,115,120,181,149,131,174,281,232,198,158,143,258,291,148,162,206,163,172
9,32,16,7,9,11,17,30,181,278,285,191,352,503,365,191,219,200,365,368,229,229,257,220,77,33,17,7,4,5,4,25,189,281,292,187,318,403,291,166,215,225,450,415,260,107,164,220,85,24,20,16,9,8,10,30,208,274,278,162,284,432,307,168,228,175,396,398,249,207,247,247,106,45,20,11,6,6,10,22,143,272,222,126,253,427,343,165,192,190,338,344,216,240,233,223,92,54,25,14,11,8,14,24,187,272,264,154,314,400,329,177,226,165,371,380,282,240,224,224,91,56,19,16,11,13,19,34,140,176,159,175,284,373,333,275,180,159,311,369,255,194,210,206,93,52,22,16,9,13,18,32,106,155,150,174,320,373,277,197,202,186,328,335,226,198,212,157,76
10,28,12,12,13,13,10,25,98,138,184,107,195,437,315,130,177,158,341,317,160,198,233,239,110,39,19,15,12,10,11,21,111,183,133,121,216,418,315,171,179,163,367,282,150,100,203,251,98,30,16,14,8,0,0,0,0,0,0,0,0,0,0,0,0,0,0,0,0,0,0,0,0,0,0,0,0,0,0,0,0,0,0,0,0,0,0,0,0,0,0,0,0,0,0,0,0,0,0,0,0,0,0,0,0,0,0,0,0,0,0,0,0,0,0,0,0,0,0,0,0,0,0,0,0,0,0,0,0,0,0,0,0,0,0,0,0,0,0,0,0,0,0,0,0,0,0,0,0,0,0,0,0,0,0,0,0,0,0,0,0,0,0,0,0,0,0,0,0
11,198,123,130,119,125,143,155,291,371,331,229,464,674,473,325,359,288,620,622,324,336,413,450,342,207,154,148,144,143,122,157,275,321,299,241,419,525,450,268,293,293,522,454,319,150,271,335,265,208,164,143,147,124,119,136,259,341,320,236,433,591,422,281,320,351,560,497,346,329,427,483,413,383,281,222,186,195,216,176,233,322,314,250,446,546,442,279,253,242,478,472,293,283,317,330,253,194,106,108,108,118,126,162,282,378,372,295,564,719,492,335,348,342,569,607,375,337,397,423,266,223,269,173,124,123,116,178,267,322,311,335,535,617,320,296,198,248,455,482,344,256,302,337,231,238,156,151,137,117,121,152,198,270,261,283,555,559,420,326,248,288,523,573,406,284,314,362,318
12,73,45,45,33,31,51,53,192,239,248,183,403,554,357,200,280,193,469,430,268,277,286,362,190,70,64,57,50,46,52,57,202,244,242,186,363,497,319,198,240,206,460,385,245,126,239,312,156,74,61,45,43,42,45,61,197,247,246,148,342,471,277,209,188,235,406,372,281,253,302,371,221,129,79,55,52,57,53,57,160,240,253,202,378,508,377,242,248,232,400,416,234,246,280,334,171,101,85,95,117,125,162,181,241,253,296,184,356,507,325,241,232,235,484,430,272,234,293,364,197,110,91,57,54,35,42,49,122,167,196,165,343,400,231,188,121,158,315,367,261,179,193,321,173,156,61,41,43,52,51,53,95,155,167,179,359,451,315,292,237,230,394,387,289,199,249,314,201
13,44,15,15,7,8,17,80,258,384,247,258,433,498,327,291,286,297,487,431,314,334,254,261,148,33,22,13,10,8,20,99,266,335,276,294,448,507,318,287,244,324,548,427,332,138,200,236,135,23,7,14,6,7,16,35,261,352,256,183,422,501,357,265,258,316,494,387,324,297,296,291,173,40,12,15,11,5,28,62,251,352,252,192,390,486,283,287,259,317,549,436,322,309,289,285,139,31,18,12,8,12,21,71,260,457,275,275,481,539,328,303,316,340,492,451,389,316,260,273,188,44,30,21,17,7,22,65,254,298,247,288,425,429,367,289,239,339,418,366,334,276,236,233,154,44,14,7,9,8,13,39,178,213,226,244,432,502,360,333,302,362,453,406,307,221,231,207,118
14,70,60,53,45,44,47,73,308,103,179,117,169,389,312,141,261,152,329,335,226,199,239,192,163,94,60,55,55,53,50,68,358,115,120,146,211,374,332,80,254,120,393,331,166,122,180,217,179,102,70,59,52,46,51,112,414,129,200,189,153,356,349,136,285,127,302,290,195,174,219,202,166,71,48,42,40,41,40,71,288,127,164,161,187,342,296,112,229,113,318,317,176,202,219,245,156,106,72,70,65,51,58,81,315,129,200,185,197,379,338,127,270,134,363,250,113,124,124,175,129,126,127,107,93,94,88,103,142,175,220,173,258,277,193,156,139,153,287,287,189,154,171,185,115,90,58,49,48,51,47,66,97,116,103,137,226,325,363,144,129,181,264,270,205,177,189,196,140
15,216,181,197,178,157,174,148,385,171,222,194,314,588,419,213,384,267,477,374,229,304,339,264,260,199,116,131,136,196,140,136,341,235,377,356,387,560,556,296,413,258,556,474,316,241,343,403,326,197,127,134,123,107,102,128,341,184,365,271,326,469,579,193,415,269,483,409,229,245,355,328,346,232,172,166,121,144,130,157,359,224,352,353,363,554,494,278,371,243,575,383,258,295,399,395,382,247,175,181,198,199,216,212,315,238,370,303,359,517,496,240,425,279,458,379,316,272,326,303,249,264,186,151,128,123,116,160,197,212,251,278,343,458,343,298,262,286,381,366,338,273,378,308,303,342,219,171,153,162,161,187,184,214,232,249,362,445,415,305,316,343,471,590,309,384,352,337,359
16,70,99,82,73,79,82,75,115,81,85,64,96,172,160,69,106,70,136,160,88,88,109,99,97,66,52,53,97,112,93,109,138,66,76,81,79,151,144,91,127,108,192,119,81,56,78,104,113,70,37,27,25,36,34,39,94,72,84,61,74,135,132,69,129,73,135,132,118,82,86,150,129,99,50,44,32,36,37,43,115,77,69,66,69,132,130,35,95,64,125,111,76,74,95,76,96,99,91,80,82,73,81,92,148,65,84,75,80,172,152,59,96,60,122,134,94,103,111,95,64,82,57,48,34,51,47,50,82,77,58,69,88,123,94,67,52,59,109,92,51,63,87,92,74,85,65,41,37,34,33,36,50,70,66,72,75,112,115,101,69,73,101,104,81,58,86,82,95
17,1,0,7,35,51,41,44,127,177,189,120,179,201,174,135,135,161,251,249,173,151,143,133,109,67,67,53,54,52,45,44,121,185,160,120,198,222,208,136,151,112,205,208,126,103,109,146,106,69,67,49,42,30,30,40,80,108,84,111,172,237,181,135,142,90,210,196,152,115,125,138,93,59,56,45,42,47,45,47,126,192,172,132,171,220,174,131,165,139,176,177,128,127,117,125,101,72,67,45,38,29,39,54,122,130,140,114,211,262,180,139,208,121,208,194,132,99,108,104,110,93,67,41,45,48,43,44,70,127,136,141,181,192,151,143,121,93,133,125,140,131,148,128,77,96,67,73,334,336,354,267,182,127,131,95,149,215,171,157,146,142,213,234,177,153,166,151,127
18,7,3,0,2,1,3,37,693,718,808,430,443,597,1196,254,893,752,1471,1226,613,705,755,458,108,21,1,1,1,1,5,30,729,607,1093,767,1058,1272,1195,696,1264,831,1549,1044,423,255,394,408,93,21,4,3,3,3,5,21,716,656,1041,813,873,1203,1113,527,1138,674,1158,560,296,285,431,502,106,12,3,1,3,3,3,17,461,517,773,570,1099,1125,1119,732,1413,731,1583,1132,570,580,609,453,103,10,3,0,1,1,5,35,710,732,1047,839,1077,1387,1100,722,1320,820,1485,1056,632,604,627,369,115,19,6,2,2,2,7,22,167,452,563,533,817,704,585,456,475,482,617,576,481,335,349,312,97,20,4,3,1,2,5,15,92,220,224,224,489,621,460,370,319,478,718,732,477,373,425,328,74
19,17,10,12,10,9,15,40,321,262,480,267,384,463,424,222,466,369,635,513,373,592,670,381,99,11,15,8,8,10,9,25,339,277,433,295,344,415,364,247,497,301,546,446,345,278,450,303,57,16,10,6,7,7,10,28,315,236,350,344,364,432,407,224,539,290,512,516,426,561,609,406,87,18,7,6,7,7,9,34,284,251,406,261,339,399,342,238,514,259,603,403,394,458,592,335,85,17,6,5,5,5,7,42,301,296,662,331,368,500,452,249,531,303,612,550,447,407,494,292,107,19,15,14,12,13,16,34,276,634,368,463,544,498,367,301,330,404,481,379,336,320,351,281,96,19,10,9,14,10,13,28,98,229,259,260,436,509,356,318,312,370,418,427,364,274,362,273,55
20,22,10,10,10,8,6,11,66,281,372,273,684,421,446,534,472,450,623,521,299,296,277,337,115,17,9,9,8,7,7,13,52,289,413,405,703,475,370,469,488,375,619,484,272,146,200,363,116,26,13,12,7,8,9,16,109,329,490,351,681,496,369,443,345,320,653,474,257,230,277,312,120,17,7,9,6,6,5,8,37,352,413,366,707,582,1032,1135,518,302,673,517,267,334,393,371,93,16,11,7,10,11,8,11,68,368,493,372,728,415,441,524,418,399,612,473,306,244,226,260,79,33,62,28,17,50,34,60,125,262,287,256,324,259,269,291,255,264,297,267,231,191,160,212,100,26,14,7,7,8,11,11,24,58,116,152,223,252,199,184,190,197,359,309,234,185,194,276,70
21,12,9,6,5,3,3,9,61,333,361,286,461,320,271,357,248,233,431,361,221,218,189,262,119,22,7,6,3,2,2,10,31,329,372,227,418,316,370,475,369,186,429,405,217,105,149,238,113,22,18,11,6,17,30,18,305,764,693,231,420,347,270,385,242,239,419,375,207,176,185,240,122,12,4,6,7,3,1,4,28,293,341,203,387,417,279,345,258,197,443,366,201,224,228,276,119,23,14,5,4,9,3,6,37,334,350,226,458,293,289,401,253,216,398,328,192,179,134,181,90,22,11,3,3,3,2,5,14,68,161,131,148,171,97,92,100,105,157,164,118,101,85,152,86,17,10,3,4,1,5,1,10,33,125,90,135,175,113,138,123,130,214,221,180,138,150,188,80
22,82,35,22,26,23,19,41,84,202,180,115,187,341,205,152,131,119,255,288,189,189,193,245,169,89,35,22,23,25,29,41,107,198,161,101,213,326,225,171,139,122,238,259,184,91,154,183,179,76,57,41,32,39,30,49,103,206,182,97,192,270,218,152,113,117,245,311,176,158,191,218,195,57,56,43,43,39,45,55,94,249,177,93,197,303,234,149,136,82,223,278,181,174,164,212,197,64,47,29,25,27,22,44,89,233,183,114,224,283,237,163,114,124,257,321,203,186,156,229,198,84,45,42,37,37,45,81,133,183,174,121,224,318,198,145,126,158,279,277,180,129,137,172,161,89,51,30,32,30,31,35,57,88,130,136,235,295,230,158,139,154,297,271,187,129,146,207,237
23,72,55,45,50,37,42,36,119,182,183,154,143,189,213,149,138,143,185,215,241,173,203,143,99,71,45,46,36,25,30,36,84,123,139,158,183,196,199,149,150,126,179,199,170,111,87,118,100,68,36,35,30,32,35,43,83,146,171,133,170,155,136,130,127,124,153,180,181,169,150,131,95,49,40,29,29,22,26,20,33,75,84,84,69,81,158,113,140,128,152,164,138,154,153,105,76,74,48,39,36,36,35,62,73,128,117,121,136,154,124,118,111,83,136,149,153,127,123,119,85,79,47,45,35,28,30,32,39,56,77,68,98,145,95,97,95,75,112,84,103,0,0,0,0,1,0,0,8,21,23,29,32,59,75,65,68,95,113,101,94,93,113,140,88,106,79,77,63
24,31,15,15,8,10,13,24,64,207,104,69,148,275,152,131,113,87,171,229,154,137,161,199,107,29,5,8,4,3,6,17,77,182,116,75,145,260,137,133,90,103,158,202,143,81,115,168,106,28,6,7,7,4,4,21,57,167,102,83,133,245,128,111,69,82,146,206,123,149,161,195,117,22,5,3,4,4,11,14,57,143,116,48,126,208,151,126,96,87,150,163,151,145,157,171,99,20,5,4,5,2,3,11,66,181,120,90,168,229,156,114,93,103,182,188,162,113,139,153,94,22,20,15,11,8,9,17,89,108,106,95,139,169,157,93,100,119,150,120,116,94,96,126,98,17,12,7,3,5,4,14,33,75,76,102,191,192,126,106,111,104,158,157,147,123,111,166,83
25,2,1,1,1,0,0,6,238,209,425,245,286,439,347,235,420,262,414,283,190,219,171,49,9,0,0,0,0,0,1,5,210,165,378,207,272,276,372,247,540,240,466,297,126,98,109,40,10,3,1,1,2,2,1,6,263,219,466,224,268,334,298,185,422,192,356,360,180,197,120,64,7,1,1,1,1,1,0,1,196,126,237,178,334,264,267,196,367,166,373,223,157,144,145,38,7,1,1,0,0,0,0,1,211,212,436,231,292,349,327,164,431,202,422,257,242,164,147,42,9,0,0,0,1,0,1,3,23,118,110,134,174,140,97,102,101,93,101,81,94,65,73,48,16,1,0,0,0,0,0,3,9,32,66,29,63,104,98,92,75,111,115,100,105,88,71,44,4
26,269,255,276,423,417,135,134,234,90,144,138,211,331,314,92,168,213,351,314,129,203,246,225,240,184,120,116,119,102,102,129,301,124,147,120,167,343,285,149,317,171,388,350,183,152,264,261,256,355,450,407,329,390,462,262,255,72,112,152,145,301,264,142,293,180,309,265,157,224,221,232,231,171,109,91,87,84,99,109,221,95,168,178,205,324,324,119,253,183,315,300,157,208,248,248,316,210,135,245,92,97,97,124,159,126,235,160,171,339,332,127,244,147,302,275,222,174,188,190,173,182,129,88,87,88,90,105,149,180,182,170,175,238,154,153,148,167,203,248,206,185,224,233,194,239,185,254,126,86,90,114,116,180,154,133,225,276,237,238,208,203,296,335,208,212,249,228,215
27,4,0,1,0,0,0,10,48,76,68,38,78,173,64,57,43,41,105,119,67,76,81,118,42,2,0,0,0,0,0,9,48,88,81,47,91,165,81,64,50,63,113,153,63,37,67,120,39,9,7,7,7,5,6,12,78,91,85,52,97,173,88,72,48,52,144,120,72,78,63,110,49,3,0,0,0,0,1,7,55,84,64,55,101,179,75,65,61,38,138,112,72,82,87,121,44,17,16,13,15,13,13,16,53,81,72,51,108,150,88,58,55,42,131,98,74,75,79,92,40,3,2,0,0,0,2,8,22,51,54,48,92,101,53,32,43,53,77,76,64,67,50,79,26,3,2,2,1,0,0,3,23,34,51,51,86,123,81,52,44,42,96,98,85,94,45,84,28
28,26,9,14,8,12,21,53,568,767,361,262,1558,2095,475,231,460,393,1654,939,526,392,344,287,65,17,12,9,13,11,15,58,678,900,403,305,1532,1917,467,239,368,438,1600,750,404,198,232,240,42,9,5,4,7,7,13,59,723,786,415,339,1547,1899,430,220,301,367,1594,966,473,334,366,265,69,14,3,5,3,5,13,23,490,769,368,266,1675,2081,447,244,378,371,1631,849,410,380,339,291,63,6,5,4,5,6,14,48,538,754,385,333,1596,2053,545,268,361,371,1425,910,613,514,432,278,90,20,5,7,6,6,9,41,286,521,384,407,1103,1421,577,425,526,518,1148,809,495,360,305,196,79,16,10,10,6,5,11,39,199,486,458,422,1068,1210,494,399,454,566,1101,709,432,224,198,247,45
29,4,3,1,0,1,3,9,71,126,108,116,118,171,168,98,133,128,213,165,117,158,119,86,15,5,3,0,0,0,3,5,82,100,123,107,138,171,172,112,155,136,224,183,182,86,79,46,13,1,1,1,1,0,4,11,76,120,126,122,138,164,189,59,120,125,209,178,85,134,117,74,10,2,1,1,0,0,2,5,74,92,122,112,137,126,170,110,188,97,233,205,152,124,99,78,15,0,2,0,0,0,3,12,82,144,144,158,171,167,172,101,124,118,199,147,112,124,91,47,12,5,2,4,0,1,0,6,78,82,89,124,137,112,121,82,87,105,160,90,137,96,92,49,13,4,1,1,2,1,1,7,45,28,60,53,77,105,89,56,55,66,90,77,74,48,40,31,11
30,51,21,14,7,11,13,110,1240,1389,1569,1013,2369,3008,1170,722,950,922,2965,2248,1219,1041,1065,907,387,48,15,10,6,12,17,134,1259,1499,1218,818,2219,2785,1136,720,897,870,2933,2118,1054,565,780,1024,307,34,20,10,10,9,13,142,1330,1433,1286,835,2080,2628,1080,607,832,775,2780,2080,1039,960,981,1073,299,41,10,12,18,17,16,113,895,1116,1096,639,1989,2806,1176,721,893,739,2662,2308,1102,1008,1111,1010,320,37,15,5,8,21,18,114,1188,1546,1305,891,1845,2424,1311,867,863,821,2087,1569,777,872,908,933,333,36,15,8,4,12,11,112,636,1066,1094,691,1741,2166,1190,683,760,819,1810,1808,1242,789,726,823,302,47,12,9,10,9,20,64,406,921,1008,745,1471,1644,938,882,679,1013,2034,2036,1007,698,663,819,254
31,134,93,99,107,110,121,135,415,245,364,309,448,583,546,218,325,383,623,497,210,346,344,289,207,156,97,78,67,72,93,115,454,239,319,216,376,623,557,227,533,362,632,509,265,187,317,314,226,99,88,85,86,100,108,126,366,200,302,251,262,488,432,214,391,262,582,445,293,340,305,265,233,99,97,83,65,63,85,120,362,194,293,295,359,549,572,178,365,220,576,458,231,297,323,318,237,126,70,87,79,81,77,111,295,258,330,258,363,612,525,250,429,235,660,468,304,283,324,329,214,152,109,73,80,75,73,109,231,283,282,290,285,459,284,296,260,286,415,461,321,272,293,241,175,155,136,110,116,124,134,151,222,319,240,279,502,532,382,356,331,344,524,510,309,273,299,338,224
32,5,2,2,1,2,1,15,145,229,323,271,370,446,271,117,451,270,560,300,202,244,229,131,24,9,6,5,2,2,3,12,234,225,398,244,386,475,329,240,464,302,585,250,177,93,173,101,12,3,4,4,4,3,5,14,218,232,366,228,338,425,269,201,402,238,477,299,278,266,276,138,13,7,1,2,1,0,2,6,148,176,273,511,417,359,285,213,419,281,562,264,241,296,242,121,13,3,2,2,2,1,2,13,178,204,346,221,367,349,252,216,349,258,525,253,158,218,227,116,16,6,2,2,3,1,3,11,110,176,254,234,295,241,157,108,130,189,226,149,177,142,116,90,21,5,5,4,4,3,5,9,40,77,108,78,193,187,143,140,150,184,192,191,124,106,97,59,14
33,8,2,2,2,2,3,34,794,535,1027,661,782,1073,1263,475,1093,495,1191,979,375,613,733,532,120,9,3,1,1,1,4,30,886,501,892,513,827,920,1126,492,1601,529,1420,1106,541,310,682,507,137,16,12,3,2,1,1,32,840,558,927,637,610,1018,1027,369,1383,517,1205,895,377,519,787,616,116,10,6,1,2,2,1,20,733,440,837,557,780,801,1074,369,1031,302,1149,880,427,583,749,555,134,6,3,1,1,1,2,18,749,479,1161,510,598,793,1013,263,1188,468,1077,911,477,465,561,474,156,9,3,3,2,2,4,22,310,684,405,540,706,676,713,582,599,757,736,672,516,386,522,458,134,10,3,2,1,1,2,11,129,404,431,501,605,678,732,518,512,744,615,792,643,532,657,481,93
34,7,4,4,6,5,4,17,122,170,170,176,179,273,277,194,299,207,418,246,176,204,238,115,22,6,5,3,2,2,7,14,201,172,257,170,359,200,232,197,357,255,351,277,189,145,164,100,20,8,3,1,6,5,4,17,144,188,183,164,223,270,204,141,239,167,375,287,282,322,177,118,37,6,2,4,5,4,5,8,92,125,214,227,262,309,238,194,406,264,367,328,297,166,280,99,24,8,8,7,6,5,7,16,159,162,230,179,204,251,226,132,228,143,299,188,157,230,205,99,15,4,2,4,6,5,8,14,69,128,259,184,328,260,211,224,160,181,318,192,159,85,81,58,25,7,7,2,5,3,6,11,42,84,113,121,227,197,119,113,104,143,216,201,104,86,61,72,17
35,11,7,6,7,6,6,21,107,155,219,153,239,230,351,226,271,187,335,261,126,146,144,97,27,15,7,4,5,3,4,9,129,147,248,216,310,183,254,201,337,207,317,291,276,143,157,125,34,22,8,7,6,5,7,9,99,113,158,168,226,220,278,177,300,176,360,478,370,315,201,90,50,14,2,2,5,4,8,12,138,142,255,209,255,247,253,208,387,195,312,298,240,133,206,76,27,9,8,7,8,6,11,15,131,140,215,152,231,219,228,164,244,168,330,216,183,189,99,92,28,13,12,10,10,6,10,13,41,90,207,146,215,146,152,147,87,100,166,109,137,92,77,91,43,10,8,7,7,6,6,12,29,45,71,75,131,123,100,85,65,89,127,121,70,73,65,55,17
